{"stats":{"minecraft:dropped":{"minecraft:spruce_sign":1,"farmersdelight:iron_knife":1,"minecraft:iron_sword":2,"minecraft:moss_block":1,"minecraft:porkchop":6,"minecraft:stripped_mangrove_wood":1,"minecraft:cooked_beef":1,"minecraft:oak_log":2,"farmersdelight:cooked_bacon":1,"iceandfire:fire_dragon_flesh":2,"iceandfire:ectoplasm":1,"regions_unexplored:blue_bioshroom":2,"sophisticatedbackpacks:gold_backpack":1,"minecraft:dirt":25,"immersive_aircraft:gyrodyne":3,"minecraft:dark_oak_fence":1,"minecraft:sand":1,"minecraft:gold_ingot":2,"alexsmobs:animal_dictionary":3,"minecraft:wheat":1,"minecraft:rotten_flesh":1,"minecraft:spruce_wood":1,"biomesoplenty:wildflower":1,"minecraft:azalea":1,"minecraft:ladder":1,"minecraft:spruce_slab":2,"regions_unexplored:tall_green_bioshroom":1,"cenozoicraft:horsetail":3,"minecraft:egg":1,"minecraft:iron_ingot":10,"minecraft:wheat_seeds":91,"minecraft:feather":2,"biomesoplenty:lavender":1,"minecraft:iron_helmet":1,"antlers:tomahawkitem":14,"regions_unexplored:tassel":1,"minecraft:coal":1,"antlers:jerkey":4,"minecraft:golden_apple":1,"bossominium:the_bossdexium":3,"minecraft:pufferfish":1,"minecraft:torch":1,"minecraft:iron_leggings":2,"minecraft:string":2,"minecraft:gray_carpet":1,"minecraft:redstone":2,"iceandfire:dragon_skull_fire":1,"iceandfire:dragonbone":1,"minecraft:moss_carpet":2,"minecraft:white_carpet":7,"minecraft:iron_boots":2,"minecraft:stripped_acacia_wood":1,"minecraft:acacia_leaves":1,"minecraft:lily_of_the_valley":1,"bossominium:vex_wing":1,"minecraft:hay_block":1,"minecraft:flower_pot":1,"minecraft:iron_chestplate":5,"minecraft:oak_sapling":3,"minecraft:stone_bricks":1},"minecraft:killed":{"creeperoverhaul:beach_creeper":1,"minecraft:spider":8,"creeperoverhaul:bamboo_creeper":1,"minecraft:skeleton":7,"antlers:wendigo":1,"minecraft:pig":3,"enemyexpansion:ladybug":1,"minecraft:creeper":4,"crimson_steves_mobs:zombie_pillager":1,"minecraft:zombie":17,"enemyexpansion:botfly":3,"iceandfire:lightning_dragon":1,"mutantmonsters:mutant_creeper":1,"minecraft:evoker":1,"minecraft:vex":3,"minecraft:vindicator":3,"enemyexpansion:direwolf":5,"iceandfire:fire_dragon":4,"crimson_steves_mobs:zombie_cow":1,"crimson_steves_mobs:zombie_evoker":1,"minecraft:husk":9,"crimson_steves_mobs:creepig":1,"creeperoverhaul:spruce_creeper":1,"crimson_steves_mobs:derpig":4,"enemyexpansion:sprinter":1,"crimson_steves_mobs:creeckin":3,"minecraft:hoglin":3,"crimson_steves_mobs:zombie_vindicator":2,"crimson_steves_mobs:zombie_pig":5,"iceandfire:ghost":4,"minecraft:wither_skeleton":13},"minecraft:broken":{"minecraft:iron_boots":2,"minecraft:iron_leggings":2,"minecraft:iron_helmet":2},"minecraft:custom":{"minecraft:interact_with_crafting_table":32,"minecraft:open_barrel":67,"minecraft:leave_game":6,"minecraft:time_since_death":667,"minecraft:sprint_one_cm":635310,"minecraft:drop":138,"minecraft:talked_to_villager":15,"minecraft:play_time":317281,"minecraft:deaths":57,"minecraft:jump":5722,"minecraft:walk_on_water_one_cm":60939,"minecraft:sleep_in_bed":10,"minecraft:waystone_activated":4,"minecraft:damage_dealt":17354,"minecraft:crouch_one_cm":21937,"minecraft:interact_with_smoker":20,"minecraft:interact_with_anvil":2,"minecraft:mob_kills":117,"minecraft:interact_with_campfire":20,"minecraft:climb_one_cm":9718,"minecraft:walk_one_cm":798319,"minecraft:damage_dealt_absorbed":80,"minecraft:sneak_time":13375,"minecraft:walk_under_water_one_cm":46075,"minecraft:interact_with_blast_furnace":1,"minecraft:total_world_time":317281,"minecraft:pot_flower":1,"minecraft:time_since_rest":693,"minecraft:damage_absorbed":427,"minecraft:damage_taken":24102,"minecraft:swim_one_cm":108266,"minecraft:fly_one_cm":1848876,"minecraft:open_chest":99,"minecraft:fall_one_cm":161186},"minecraft:crafted":{"minecraft:oak_planks":32,"minecraft:chain":3,"minecraft:cooked_mutton":3,"immersive_aircraft:hull":4,"minecraft:crafting_table":1,"minecraft:spruce_planks":4,"immersive_aircraft:propeller":2,"minecraft:stick":60,"minecraft:iron_ingot":22,"minecraft:iron_nugget":81,"immersive_aircraft:sail":4,"minecraft:bone_meal":18,"minecraft:white_carpet":25,"antlers:tomahawkitem":96,"antlers:jerkey":22,"minecraft:iron_axe":1,"minecraft:wheat":144,"minecraft:cooked_beef":1,"minecraft:red_bed":1,"minecraft:mangrove_planks":8,"minecraft:red_carpet":6,"minecraft:bread":48,"minecraft:air":0,"regions_unexplored:redwood_planks":20,"minecraft:white_wool":10,"immersive_aircraft:gyrodyne":2,"minecraft:white_dye":18,"minecraft:wooden_axe":1,"minecraft:iron_leggings":1,"minecraft:anvil":1,"minecraft:acacia_planks":4},"minecraft:killed_by":{"minecraft:sheep":1,"minecraft:wither_skeleton":5,"iceandfire:cyclops":8,"minecraft:creeper":1,"crimson_steves_mobs:creesteve":4,"minecraft:drowned":1,"mutantmonsters:mutant_creeper":1,"minecraft:vindicator":2,"enemyexpansion:sprinter":1,"crimson_steves_mobs:zombie_vindicator":1,"minecraft:zombie":6,"crimson_steves_mobs:zombie_ravager":1,"iceandfire:fire_dragon":9,"minecraft:vex":1,"minecraft:husk":2,"minecraft:player":1,"minecraft:skeleton":2,"iceandfire:lightning_dragon":5,"antlers:wendigo":1,"enemyexpansion:direwolf":1,"iceandfire:ghost":2},"minecraft:picked_up":{"minecraft:iron_chestplate":12,"minecraft:wheat":2,"minecraft:flower_pot":2,"minecraft:oak_stairs":2,"minecraft:enchanted_book":12,"minecraft:stone_brick_stairs":1,"minecraft:music_disc_cat":2,"minecraft:string":68,"minecraft:iron_leggings":4,"minecraft:pufferfish":12,"immersive_aircraft:propeller":2,"minecraft:gold_nugget":1342,"minecraft:calcite":2,"minecraft:cobblestone_slab":2,"minecraft:azalea":2,"minecraft:iron_pickaxe":9,"regions_unexplored:redwood_log":46,"minecraft:iron_boots":9,"iceandfire:ghost_chest":1,"minecraft:stick":54,"minecraft:oak_fence":2,"minecraft:torch":6,"minecraft:acacia_log":3,"minecraft:porkchop":38,"cenozoicraft:bovine_skull":1,"iceandfire:lightning_lily":1,"regions_unexplored:green_bioshroom":1,"minecraft:rotten_flesh":126,"farmersdelight:onion":57,"iceandfire:fire_dragon_heart":2,"alexsmobs:emu_egg":1,"antlers:jerkey":59,"minecraft:obsidian":98,"minecraft:iron_bars":4,"minecraft:snowball":1,"minecraft:cobblestone":1,"biomesoplenty:lavender":1,"minecraft:feather":2,"minecraft:lilac":9,"minecraft:cooked_beef":18,"minecraft:jungle_wood":2,"minecraft:mud_brick_stairs":4,"minecraft:stripped_spruce_wood":1,"farmersdelight:cooked_bacon":1,"minecraft:dirt":47,"antlers:tomahawkitem":79,"farmersdelight:mutton_chops":45,"minecraft:bone":53,"farmersdelight:iron_knife":3,"minecraft:wheat_seeds":115,"cenozoicraft:horsetail":3,"minecraft:bamboo":6,"minecraft:moss_block":2,"minecraft:oak_planks":5,"minecraft:cooked_porkchop":19,"minecraft:stripped_acacia_wood":1,"iceandfire:dragon_skull_fire":3,"minecraft:sand":1,"minecraft:acacia_stairs":1,"sophisticatedbackpacks:iron_backpack":4,"iceandfire:lightning_dragon_heart":1,"minecraft:cyan_bed":2,"minecraft:lily_of_the_valley":1,"farmersdelight:cooked_mutton_chops":6,"minecraft:dark_oak_log":4,"alexsmobs:animal_dictionary":2,"minecraft:mossy_cobblestone":4,"minecraft:polished_andesite":6,"regions_unexplored:hyssop":1,"minecraft:diamond":15,"minecraft:mangrove_wood":4,"bossominium:the_bossdexium":2,"minecraft:oak_sapling":3,"minecraft:spruce_sign":1,"minecraft:bread":22,"minecraft:emerald":21,"alexsmobs:maggot":4,"minecraft:netherrack":2,"minecraft:dark_oak_fence":2,"sophisticatedbackpacks:gold_backpack":1,"iceandfire:dragon_skull_lightning":2,"minecraft:coarse_dirt":6,"iceandfire:witherbone":4,"minecraft:ladder":1,"iceandfire:chain":1,"regions_unexplored:blue_bioshroom":2,"minecraft:red_bed":8,"minecraft:moss_carpet":3,"minecraft:iron_axe":3,"minecraft:item_frame":2,"minecraft:white_carpet":30,"minecraft:iron_shovel":4,"iceandfire:graveyard_soil":1,"minecraft:player_head":2,"minecraft:lectern":10,"iceandfire:dragonscales_electric":31,"minecraft:iron_nugget":162,"bossominium:vex_wing":22,"minecraft:spruce_slab":3,"regions_unexplored:redwood_planks":7,"biomesoplenty:wildflower":1,"minecraft:sugar_cane":2,"minecraft:birch_sapling":1,"minecraft:spruce_trapdoor":2,"minecraft:egg":2,"iceandfire:dragonscales_gray":21,"iceandfire:dragonbone":32,"minecraft:stripped_mangrove_wood":1,"minecraft:copper_ingot":1,"farmersdelight:minced_beef":15,"minecraft:spruce_fence":1,"minecraft:mangrove_sign":3,"minecraft:carrot":20,"minecraft:blue_carpet":2,"minecraft:dark_oak_planks":54,"minecraft:arrow":35,"minecraft:hay_block":38,"minecraft:stripped_dark_oak_wood":1,"minecraft:saddle":9,"minecraft:gold_ingot":86,"minecraft:totem_of_undying":4,"minecraft:mutton":8,"minecraft:white_wool":3,"immersive_aircraft:hull":2,"minecraft:bone_block":78,"minecraft:netherite_boots":1,"minecraft:mud_bricks":4,"minecraft:salmon":8,"minecraft:acacia_wood":1,"minecraft:filled_map":1,"minecraft:oak_log":8,"iceandfire:ectoplasm":2,"minecraft:nether_wart_block":8,"minecraft:gunpowder":85,"immersive_aircraft:gyrodyne":20,"farmersdelight:flint_knife":3,"regions_unexplored:tassel":1,"minecraft:orange_terracotta":2,"minecraft:cooked_mutton":22,"minecraft:red_carpet":56,"minecraft:stone_bricks":1,"minecraft:apple":4,"minecraft:gray_carpet":3,"minecraft:wild_armor_trim_smithing_template":1,"minecraft:spruce_wood":2,"minecraft:iron_ingot":154,"minecraft:cobweb":4,"minecraft:stripped_oak_wood":4,"minecraft:acacia_sapling":1,"minecraft:iron_sword":11,"iceandfire:fire_dragon_flesh":12,"minecraft:scaffolding":36,"minecraft:red_wool":46,"iceandfire:ash":19,"minecraft:birch_stairs":10,"minecraft:blast_furnace":2,"minecraft:mud_brick_wall":6,"minecraft:spruce_log":1,"minecraft:spider_eye":1,"regions_unexplored:fireweed":1,"regions_unexplored:tall_green_bioshroom":1,"minecraft:iron_helmet":8,"minecraft:coal":1,"minecraft:sunflower":3},"minecraft:used":{"alexsmobs:emu_egg":1,"minecraft:bone_block":21,"minecraft:iron_sword":513,"minecraft:rotten_flesh":14,"minecraft:iron_chestplate":3,"minecraft:snowball":1,"minecraft:red_wool":4,"minecraft:iron_helmet":29,"minecraft:item_frame":3,"minecraft:hay_block":7,"minecraft:scaffolding":9,"minecraft:egg":1,"minecraft:mangrove_planks":8,"minecraft:oak_planks":19,"minecraft:golden_apple":11,"regions_unexplored:redwood_planks":15,"minecraft:acacia_leaves":5,"antlers:jerkey":16,"minecraft:bread":22,"minecraft:cyan_bed":2,"minecraft:lectern":10,"farmersdelight:ham":1,"minecraft:stripped_oak_wood":1,"immersive_aircraft:gyrodyne":14,"minecraft:coarse_dirt":3,"minecraft:experience_bottle":3,"minecraft:cobweb":4,"minecraft:oak_fence":2,"sophisticatedbackpacks:iron_backpack":3,"minecraft:spruce_planks":4,"minecraft:netherrack":2,"minecraft:dirt":3,"minecraft:anvil":1,"farmersdelight:flint_knife":1,"minecraft:dark_oak_planks":20,"minecraft:wooden_axe":14,"alexsmobs:maggot":1,"minecraft:iron_axe":122,"minecraft:iron_boots":3,"minecraft:totem_of_undying":3,"farmersdelight:cooked_mutton_chops":1,"minecraft:cooked_beef":7,"minecraft:orange_terracotta":2,"minecraft:iron_leggings":3,"minecraft:calcite":2,"farmersdelight:iron_knife":2,"iceandfire:fire_dragon_flesh":9,"cenozoicraft:bovine_skull":1,"minecraft:salmon":5,"minecraft:jungle_wood":1,"minecraft:mossy_cobblestone":1,"minecraft:crafting_table":1,"minecraft:red_bed":5,"minecraft:cod":4,"minecraft:oak_log":1,"minecraft:flower_pot":1,"minecraft:acacia_stairs":1,"minecraft:apple":2,"minecraft:iron_pickaxe":194,"iceandfire:graveyard_soil":1,"iceandfire:ash":2,"minecraft:blue_carpet":2,"minecraft:cobblestone":1,"minecraft:cooked_porkchop":8,"minecraft:porkchop":4,"minecraft:birch_stairs":10},"minecraft:mined":{"minecraft:dark_oak_planks":3,"minecraft:blue_carpet":2,"iceandfire:graveyard_soil":2,"minecraft:jungle_leaves":10,"minecraft:grass_block":11,"minecraft:spawner":1,"minecraft:tall_seagrass":2,"minecraft:potted_birch_sapling":1,"minecraft:fire":15,"biomesoplenty:lavender":2,"regions_unexplored:redwood_planks":5,"minecraft:moss_carpet":3,"iceandfire:gold_pile":119,"minecraft:oak_stairs":2,"minecraft:iron_bars":2,"minecraft:azalea":4,"minecraft:red_bed":5,"biomesoplenty:wildflower":1,"minecraft:orange_terracotta":1,"minecraft:torch":1,"minecraft:blast_furnace":2,"minecraft:calcite":2,"minecraft:mud_brick_stairs":2,"iceandfire:ghost_chest":1,"minecraft:dead_bush":1,"minecraft:cyan_bed":1,"minecraft:sugar_cane":1,"minecraft:wall_torch":1,"minecraft:seagrass":1,"minecraft:jungle_wood":2,"minecraft:wheat":4,"minecraft:lilac":1,"minecraft:stripped_oak_wood":1,"antlers:bloody_pig":1,"minecraft:stone_brick_stairs":1,"minecraft:grass":371,"minecraft:oak_log":1,"minecraft:dirt":10,"antlers:bloody_cow":4,"minecraft:netherrack":2,"minecraft:oak_leaves":39,"iceandfire:lightning_lily":1,"minecraft:red_carpet":9,"minecraft:mossy_cobblestone":1,"biomesoplenty:desert_grass":12,"minecraft:glow_lichen":2,"minecraft:dark_oak_fence":2,"biomesoplenty:bush":5,"biomesoplenty:dune_grass":1,"minecraft:moss_block":11,"minecraft:large_fern":2,"minecraft:hay_block":36,"minecraft:black_stained_glass_pane":1,"minecraft:acacia_wood":1,"biomesoplenty:sea_oats":2,"minecraft:vine":2,"regions_unexplored:medium_grass":6,"minecraft:bone_block":35,"regions_unexplored:redwood_log":28,"regions_unexplored:windswept_grass":27,"minecraft:birch_stairs":10,"minecraft:acacia_leaves":19,"minecraft:scaffolding":11,"minecraft:glass_pane":2,"minecraft:red_wool":17,"minecraft:hanging_roots":16,"minecraft:lily_of_the_valley":1,"minecraft:lectern":10,"minecraft:tall_grass":123,"antlers:sheep_corpse":1,"minecraft:cobblestone_wall":1,"iceandfire:ash":3,"regions_unexplored:sandy_grass":4,"minecraft:sunflower":5,"minecraft:cobweb":26,"regions_unexplored:tassel":1}},"DataVersion":3465}