{"stats":{"minecraft:broken":{"minecraft:iron_helmet":1},"minecraft:used":{"minecraft:moss_block":7,"minecraft:moss_carpet":6,"minecraft:bone_block":21,"minecraft:iron_sword":424,"minecraft:rotten_flesh":15,"minecraft:iron_chestplate":8,"minecraft:mutton":3,"minecraft:carrot":2,"minecraft:snowball":1,"minecraft:red_wool":2,"minecraft:iron_helmet":9,"minecraft:stone_bricks":1,"minecraft:item_frame":3,"minecraft:hay_block":7,"minecraft:scaffolding":9,"minecraft:egg":1,"minecraft:mangrove_planks":8,"minecraft:oak_planks":21,"minecraft:blackstone":1,"minecraft:golden_apple":6,"regions_unexplored:redwood_planks":15,"minecraft:acacia_leaves":5,"antlers:jerkey":12,"minecraft:bread":17,"minecraft:gravel":1,"immersive_aircraft:gyrodyne":11,"minecraft:coarse_dirt":6,"minecraft:oak_fence":2,"sophisticatedbackpacks:iron_backpack":3,"minecraft:spruce_planks":4,"minecraft:netherrack":2,"minecraft:torch":2,"minecraft:dirt":15,"farmersdelight:flint_knife":1,"minecraft:dark_oak_planks":20,"minecraft:wooden_axe":14,"alexsmobs:maggot":1,"minecraft:oak_stairs":1,"minecraft:iron_axe":53,"minecraft:iron_boots":6,"minecraft:totem_of_undying":3,"farmersdelight:cooked_mutton_chops":1,"minecraft:cooked_beef":6,"minecraft:acacia_planks":1,"minecraft:iron_leggings":11,"minecraft:cooked_mutton":2,"farmersdelight:iron_knife":2,"minecraft:salmon":5,"minecraft:jungle_wood":1,"minecraft:mossy_cobblestone":1,"minecraft:crafting_table":2,"minecraft:red_bed":4,"minecraft:cod":4,"minecraft:oak_log":1,"minecraft:acacia_stairs":1,"minecraft:apple":2,"minecraft:iron_pickaxe":56,"iceandfire:graveyard_soil":1,"iceandfire:ash":1,"minecraft:cobblestone":1,"minecraft:cooked_porkchop":8,"minecraft:porkchop":1,"minecraft:birch_stairs":10,"alexsmobs:emu_egg":1},"minecraft:picked_up":{"minecraft:wooden_axe":2,"minecraft:iron_chestplate":20,"minecraft:wheat":2,"minecraft:flower_pot":1,"minecraft:oak_stairs":3,"minecraft:enchanted_book":12,"minecraft:stone_brick_stairs":1,"minecraft:music_disc_cat":2,"minecraft:string":78,"minecraft:iron_leggings":23,"minecraft:pufferfish":12,"immersive_aircraft:propeller":2,"minecraft:gold_nugget":100,"minecraft:cobblestone_slab":2,"minecraft:azalea":2,"minecraft:iron_pickaxe":12,"regions_unexplored:redwood_log":46,"minecraft:iron_boots":24,"minecraft:stick":59,"minecraft:oak_fence":2,"minecraft:torch":25,"minecraft:acacia_log":6,"minecraft:porkchop":35,"iceandfire:lightning_lily":1,"regions_unexplored:green_bioshroom":1,"minecraft:rotten_flesh":226,"farmersdelight:onion":57,"iceandfire:fire_dragon_heart":2,"alexsmobs:emu_egg":1,"minecraft:mangrove_roots":1,"antlers:jerkey":59,"minecraft:obsidian":98,"minecraft:iron_bars":4,"minecraft:snowball":1,"minecraft:cobblestone":1,"minecraft:cooked_beef":18,"minecraft:lilac":9,"minecraft:jungle_wood":2,"minecraft:mud_brick_stairs":4,"minecraft:potato":11,"minecraft:tuff":17,"minecraft:flint":10,"minecraft:stripped_spruce_wood":1,"farmersdelight:cooked_bacon":1,"minecraft:dirt":75,"antlers:tomahawkitem":269,"minecraft:lantern":4,"farmersdelight:mutton_chops":63,"minecraft:bone":53,"farmersdelight:iron_knife":3,"minecraft:acacia_planks":61,"minecraft:wheat_seeds":253,"cenozoicraft:horsetail":3,"minecraft:bamboo":6,"minecraft:moss_block":12,"minecraft:oak_planks":55,"minecraft:cooked_porkchop":19,"iceandfire:dragon_skull_fire":3,"minecraft:sand":1,"sophisticatedbackpacks:iron_backpack":12,"minecraft:acacia_stairs":3,"minecraft:dark_oak_log":2,"farmersdelight:cooked_mutton_chops":6,"alexsmobs:animal_dictionary":2,"minecraft:mossy_cobblestone":4,"minecraft:diamond":19,"minecraft:mangrove_wood":4,"bossominium:the_bossdexium":2,"minecraft:golden_apple":1,"minecraft:rooted_dirt":15,"minecraft:oak_sapling":7,"minecraft:bread":43,"minecraft:emerald":21,"alexsmobs:maggot":4,"minecraft:netherrack":2,"minecraft:dark_oak_fence":4,"iceandfire:dragon_skull_lightning":1,"minecraft:coarse_dirt":45,"minecraft:ladder":5,"minecraft:brown_mushroom":24,"iceandfire:chain":8,"regions_unexplored:blue_bioshroom":2,"minecraft:red_bed":8,"minecraft:moss_carpet":10,"minecraft:iron_axe":11,"minecraft:item_frame":2,"minecraft:white_carpet":51,"minecraft:iron_shovel":4,"minecraft:blackstone":17,"iceandfire:graveyard_soil":1,"minecraft:iron_nugget":120,"bossominium:vex_wing":22,"regions_unexplored:redwood_planks":7,"biomesoplenty:wildflower":4,"minecraft:sugar_cane":2,"minecraft:spruce_trapdoor":2,"minecraft:egg":2,"iceandfire:dragonscales_gray":3,"iceandfire:dragonbone":18,"minecraft:oak_door":1,"farmersdelight:minced_beef":15,"minecraft:spruce_fence":1,"minecraft:carrot":22,"minecraft:dark_oak_planks":53,"minecraft:arrow":79,"minecraft:peony":2,"minecraft:hay_block":38,"minecraft:yellow_terracotta":1,"minecraft:saddle":9,"minecraft:gold_ingot":77,"minecraft:totem_of_undying":4,"minecraft:rail":1,"minecraft:mutton":21,"minecraft:white_wool":17,"immersive_aircraft:hull":2,"minecraft:bone_block":78,"minecraft:mud_bricks":4,"minecraft:salmon":8,"minecraft:red_mushroom":7,"minecraft:filled_map":1,"minecraft:oak_log":6,"minecraft:nether_wart_block":8,"minecraft:gunpowder":88,"immersive_aircraft:gyrodyne":25,"farmersdelight:flint_knife":3,"minecraft:cooked_mutton":31,"minecraft:red_carpet":56,"minecraft:stone_bricks":1,"minecraft:apple":4,"minecraft:gray_carpet":2,"minecraft:wild_armor_trim_smithing_template":1,"minecraft:iron_ingot":193,"minecraft:acacia_sapling":1,"minecraft:iron_sword":19,"iceandfire:fire_dragon_flesh":10,"minecraft:scaffolding":36,"minecraft:red_wool":44,"iceandfire:ash":21,"minecraft:gravel":52,"minecraft:birch_stairs":10,"minecraft:mud_brick_wall":6,"minecraft:spruce_log":1,"minecraft:spider_eye":9,"regions_unexplored:tall_green_bioshroom":1,"minecraft:iron_helmet":20,"minecraft:acacia_slab":4,"minecraft:brown_banner":3},"minecraft:custom":{"minecraft:interact_with_crafting_table":33,"minecraft:open_barrel":67,"minecraft:leave_game":7,"minecraft:time_since_death":2536,"minecraft:sprint_one_cm":605669,"minecraft:drop":130,"minecraft:talked_to_villager":1,"minecraft:play_time":273985,"minecraft:deaths":63,"minecraft:jump":5532,"minecraft:walk_on_water_one_cm":49328,"minecraft:sleep_in_bed":4,"minecraft:waystone_activated":4,"minecraft:damage_dealt":10237,"minecraft:crouch_one_cm":20589,"minecraft:interact_with_smoker":9,"minecraft:mob_kills":86,"minecraft:interact_with_campfire":20,"minecraft:climb_one_cm":12386,"minecraft:walk_one_cm":707784,"minecraft:damage_dealt_absorbed":80,"minecraft:sneak_time":11335,"minecraft:walk_under_water_one_cm":32400,"minecraft:total_world_time":273985,"minecraft:interact_with_grindstone":1,"minecraft:time_since_rest":2563,"minecraft:damage_taken":23325,"minecraft:damage_absorbed":339,"minecraft:swim_one_cm":94238,"minecraft:fly_one_cm":1098531,"minecraft:open_chest":62,"minecraft:fall_one_cm":157565},"minecraft:killed":{"creeperoverhaul:beach_creeper":1,"minecraft:spider":8,"creeperoverhaul:bamboo_creeper":1,"minecraft:skeleton":7,"minecraft:pig":2,"enemyexpansion:ladybug":1,"minecraft:zombie_villager":2,"minecraft:sheep":3,"crimson_steves_mobs:zombie_pillager":1,"minecraft:zombie":12,"enemyexpansion:botfly":1,"mutantmonsters:mutant_creeper":1,"minecraft:evoker":1,"minecraft:vex":3,"minecraft:vindicator":3,"enemyexpansion:direwolf":3,"iceandfire:fire_dragon":3,"crimson_steves_mobs:zombie_cow":1,"crimson_steves_mobs:zombie_evoker":1,"minecraft:husk":9,"creeperoverhaul:spruce_creeper":1,"crimson_steves_mobs:derpig":4,"enemyexpansion:sprinter":2,"crimson_steves_mobs:creesteve":3,"crimson_steves_mobs:creeckin":1,"crimson_steves_mobs:zombie_vindicator":3,"crimson_steves_mobs:zombie_pig":4},"minecraft:dropped":{"farmersdelight:iron_knife":1,"minecraft:iron_sword":2,"minecraft:moss_block":1,"minecraft:porkchop":2,"minecraft:cooked_beef":1,"minecraft:diamond":1,"farmersdelight:cooked_bacon":1,"iceandfire:fire_dragon_flesh":2,"regions_unexplored:blue_bioshroom":2,"minecraft:red_mushroom":1,"minecraft:dark_oak_fence":2,"iceandfire:ash":2,"minecraft:sand":1,"minecraft:gold_ingot":1,"minecraft:oak_door":1,"minecraft:gravel":32,"minecraft:blackstone":5,"alexsmobs:animal_dictionary":3,"minecraft:wheat":1,"minecraft:rotten_flesh":1,"minecraft:carrot":4,"iceandfire:chain":1,"biomesoplenty:wildflower":4,"minecraft:azalea":1,"minecraft:arrow":6,"regions_unexplored:tall_green_bioshroom":1,"cenozoicraft:horsetail":3,"minecraft:egg":1,"minecraft:iron_ingot":6,"minecraft:wheat_seeds":97,"minecraft:iron_helmet":3,"bossominium:the_bossdexium":3,"minecraft:pufferfish":1,"minecraft:torch":3,"iceandfire:lightning_lily":1,"minecraft:iron_leggings":4,"minecraft:oak_stairs":2,"minecraft:string":2,"iceandfire:dragon_skull_fire":1,"iceandfire:dragonbone":1,"minecraft:moss_carpet":2,"minecraft:coarse_dirt":15,"minecraft:tuff":10,"minecraft:iron_boots":5,"minecraft:acacia_leaves":1,"bossominium:vex_wing":1,"minecraft:hay_block":1,"minecraft:flower_pot":1,"minecraft:peony":2,"minecraft:iron_chestplate":4,"minecraft:oak_sapling":3},"minecraft:mined":{"minecraft:dark_oak_planks":3,"iceandfire:graveyard_soil":2,"minecraft:jungle_leaves":10,"minecraft:grass_block":10,"minecraft:tall_seagrass":2,"minecraft:fire":22,"regions_unexplored:redwood_planks":5,"minecraft:moss_carpet":5,"minecraft:oak_stairs":2,"minecraft:iron_bars":2,"minecraft:azalea":4,"minecraft:brown_mushroom":2,"minecraft:blackstone":5,"minecraft:red_bed":5,"biomesoplenty:wildflower":4,"minecraft:torch":2,"minecraft:mud_brick_stairs":2,"minecraft:mushroom_stem":2,"minecraft:oak_planks":3,"minecraft:sugar_cane":1,"minecraft:wall_torch":1,"minecraft:seagrass":1,"minecraft:jungle_wood":2,"minecraft:wheat":4,"minecraft:lilac":1,"antlers:bloody_pig":1,"minecraft:stone_brick_stairs":1,"minecraft:grass":394,"minecraft:oak_log":1,"minecraft:dirt":10,"antlers:bloody_cow":4,"minecraft:netherrack":2,"minecraft:oak_leaves":39,"iceandfire:lightning_lily":1,"minecraft:red_carpet":9,"minecraft:mossy_cobblestone":1,"biomesoplenty:desert_grass":23,"minecraft:glow_lichen":2,"minecraft:dark_oak_fence":2,"biomesoplenty:bush":5,"minecraft:red_mushroom":3,"minecraft:moss_block":22,"minecraft:large_fern":1,"minecraft:hay_block":36,"minecraft:peony":2,"minecraft:vine":2,"regions_unexplored:medium_grass":6,"minecraft:bone_block":35,"regions_unexplored:redwood_log":28,"regions_unexplored:windswept_grass":27,"minecraft:birch_stairs":10,"minecraft:acacia_leaves":20,"minecraft:scaffolding":11,"minecraft:glass_pane":2,"minecraft:red_wool":15,"minecraft:hanging_roots":16,"minecraft:tall_grass":98,"minecraft:coarse_dirt":3,"antlers:sheep_corpse":1,"minecraft:cobblestone_wall":1,"iceandfire:ash":1,"regions_unexplored:sandy_grass":4,"minecraft:gravel":1,"minecraft:cobweb":26},"minecraft:crafted":{"minecraft:oak_planks":20,"immersive_aircraft:hull":4,"minecraft:crafting_table":2,"minecraft:spruce_planks":4,"immersive_aircraft:propeller":2,"minecraft:charcoal":1,"minecraft:stick":8,"immersive_aircraft:sail":4,"minecraft:bone_meal":18,"minecraft:white_carpet":25,"minecraft:moss_carpet":3,"antlers:jerkey":6,"minecraft:iron_axe":1,"minecraft:wheat":144,"minecraft:bowl":4,"minecraft:mangrove_planks":8,"minecraft:red_carpet":6,"minecraft:bread":48,"minecraft:air":0,"regions_unexplored:redwood_planks":24,"minecraft:white_wool":10,"immersive_aircraft:gyrodyne":2,"minecraft:white_dye":18,"minecraft:wooden_axe":1,"minecraft:acacia_planks":8,"minecraft:torch":4},"minecraft:killed_by":{"minecraft:zombie_villager":1,"minecraft:sheep":1,"minecraft:creeper":5,"crimson_steves_mobs:creesteve":3,"minecraft:drowned":1,"enemyexpansion:huntsman":2,"mutantmonsters:mutant_creeper":1,"minecraft:vindicator":2,"man:managgresive":1,"enemyexpansion:sprinter":3,"crimson_steves_mobs:zombie_vindicator":1,"minecraft:zombie":8,"crimson_steves_mobs:chad_creeper_golem":1,"iceandfire:fire_dragon":16,"minecraft:vex":1,"minecraft:husk":2,"minecraft:player":1,"apollyon:the_damned":1,"minecraft:skeleton":5,"crimson_steves_mobs:elite_ender_ravager":1,"antlers:wendigo":3,"enemyexpansion:direwolf":2}},"DataVersion":3465}