{"stats":{"minecraft:dropped":{"minecraft:iron_chestplate":2,"minecraft:feather":1,"minecraft:rotten_flesh":2,"antlers:tomahawkitem":1,"minecraft:leather":1},"minecraft:killed":{"minecraft:zombie":6,"enemyexpansion:botfly":1,"crimson_steves_mobs:derpig":1,"crimson_steves_mobs:creesteve":1},"minecraft:custom":{"minecraft:time_since_rest":428,"minecraft:sprint_one_cm":67239,"minecraft:damage_taken":1653,"minecraft:walk_one_cm":29656,"minecraft:mob_kills":9,"minecraft:drop":7,"minecraft:damage_dealt":1631,"minecraft:swim_one_cm":7048,"minecraft:interact_with_crafting_table":3,"minecraft:fly_one_cm":161193,"minecraft:open_chest":5,"minecraft:crouch_one_cm":7476,"minecraft:play_time":26634,"minecraft:deaths":5,"minecraft:sneak_time":2607,"minecraft:walk_under_water_one_cm":2777,"minecraft:jump":692,"minecraft:leave_game":2,"minecraft:time_since_death":392,"minecraft:walk_on_water_one_cm":5887,"minecraft:sleep_in_bed":3,"minecraft:total_world_time":26634,"minecraft:fall_one_cm":26682},"minecraft:crafted":{"minecraft:oak_planks":8,"minecraft:diamond_sword":1,"minecraft:diamond_leggings":1,"minecraft:iron_chestplate":1,"minecraft:diamond_pickaxe":1,"minecraft:iron_axe":1,"minecraft:crafting_table":1,"minecraft:spruce_planks":64,"minecraft:stick":16,"minecraft:iron_helmet":1,"minecraft:iron_pickaxe":1,"minecraft:iron_sword":1,"minecraft:iron_leggings":1},"minecraft:killed_by":{"minecraft:wither_skeleton":3,"iceandfire:lightning_dragon":2},"minecraft:picked_up":{"minecraft:crafting_table":1,"minecraft:iron_chestplate":1,"minecraft:feather":1,"minecraft:leather":1,"iceandfire:ash":1,"minecraft:porkchop":2,"minecraft:dirt":2,"antlers:tomahawkitem":15,"minecraft:orange_bed":1,"minecraft:acacia_planks":9,"minecraft:rotten_flesh":2,"minecraft:spruce_planks":4,"minecraft:spruce_wood":16,"minecraft:iron_ingot":28,"minecraft:golden_apple":1,"alexsmobs:emu_egg":1,"minecraft:stripped_oak_wood":2,"minecraft:bread":64,"antlers:jerkey":4,"minecraft:cobblestone":14},"minecraft:used":{"alexsmobs:emu_egg":1,"minecraft:bread":9,"minecraft:iron_pickaxe":4,"minecraft:iron_sword":81,"iceandfire:ash":1,"minecraft:orange_bed":1,"minecraft:dirt":2,"minecraft:cobblestone":3,"minecraft:crafting_table":1,"minecraft:acacia_planks":7,"minecraft:experience_bottle":11},"minecraft:mined":{"minecraft:spruce_planks":4,"minecraft:orange_stained_glass_pane":1,"minecraft:crafting_table":1,"minecraft:grass":5,"minecraft:acacia_planks":11,"regions_unexplored:medium_grass":1,"minecraft:cobblestone":3,"minecraft:spruce_wood":18,"minecraft:orange_bed":1,"minecraft:spawner":1}},"DataVersion":3465}