{"stats":{"minecraft:used":{"minecraft:moss_carpet":1,"minecraft:tropical_fish":3,"minecraft:ladder":5,"minecraft:spruce_planks":13,"minecraft:iron_sword":114,"minecraft:netherrack":2,"minecraft:iron_chestplate":2,"minecraft:torch":5,"minecraft:dirt":10,"minecraft:white_carpet":7,"minecraft:jungle_planks":3,"minecraft:tuff":2,"minecraft:wooden_axe":3,"minecraft:dark_oak_planks":4,"minecraft:lantern":1,"minecraft:iron_axe":13,"minecraft:acacia_slab":1,"minecraft:packed_mud":4,"minecraft:iron_helmet":4,"minecraft:iron_boots":2,"minecraft:beef":5,"minecraft:scaffolding":2,"minecraft:oak_sapling":1,"minecraft:potato":9,"minecraft:iron_leggings":3,"minecraft:cooked_mutton":2,"minecraft:water_bucket":2,"minecraft:oak_planks":18,"minecraft:brown_mushroom":1,"minecraft:salmon":3,"regions_unexplored:redwood_planks":16,"minecraft:yellow_terracotta":1,"minecraft:crafting_table":3,"minecraft:red_bed":7,"minecraft:red_mushroom":1,"minecraft:brown_banner":3,"minecraft:white_bed":1,"minecraft:oak_log":1,"waystones:waystone":1,"minecraft:apple":1,"minecraft:bread":39,"minecraft:iron_pickaxe":7,"minecraft:gravel":2,"iceandfire:ash":2,"farmersdelight:ham":1,"minecraft:chiseled_stone_bricks":2,"minecraft:mud_brick_wall":1,"minecraft:porkchop":23,"minecraft:bucket":4,"immersive_aircraft:gyrodyne":1,"alexsmobs:animal_dictionary":1,"minecraft:coarse_dirt":1,"minecraft:candle":1},"minecraft:picked_up":{"minecraft:wooden_axe":6,"minecraft:crafting_table":1,"minecraft:iron_chestplate":14,"minecraft:coarse_dirt":73,"minecraft:allium":2,"minecraft:wheat":39,"minecraft:ladder":18,"minecraft:leather_leggings":1,"minecraft:brown_mushroom":36,"iceandfire:chain":6,"minecraft:enchanted_book":11,"minecraft:potion":7,"minecraft:string":30,"minecraft:red_bed":7,"minecraft:moss_carpet":8,"minecraft:iron_axe":4,"minecraft:iron_leggings":23,"minecraft:white_carpet":14,"minecraft:iron_shovel":3,"minecraft:blackstone":23,"minecraft:tnt_minecart":1,"minecraft:gold_nugget":318,"minecraft:candle":1,"minecraft:cobbled_deepslate":1,"minecraft:bucket":3,"minecraft:spruce_planks":4,"minecraft:beef":19,"minecraft:iron_nugget":54,"minecraft:iron_pickaxe":3,"minecraft:spruce_slab":1,"regions_unexplored:redwood_planks":23,"minecraft:spruce_trapdoor":3,"minecraft:iron_boots":18,"regions_unexplored:redwood_log":4,"minecraft:stick":69,"minecraft:stripped_mangrove_wood":1,"minecraft:torch":17,"minecraft:porkchop":56,"minecraft:carrot":2,"minecraft:redstone":8,"minecraft:iron_horse_armor":4,"minecraft:dark_oak_planks":7,"man:redcandle":1,"minecraft:arrow":11,"minecraft:rotten_flesh":188,"minecraft:tropical_fish":9,"minecraft:hay_block":1,"minecraft:yellow_terracotta":1,"minecraft:mangrove_roots":4,"minecraft:gold_ingot":2,"minecraft:mutton":6,"minecraft:rail":1,"minecraft:white_wool":2,"minecraft:mud_bricks":2,"minecraft:lilac":1,"minecraft:salmon":1,"minecraft:red_mushroom":47,"minecraft:potato":19,"minecraft:packed_mud":6,"minecraft:flint":12,"minecraft:tuff":32,"minecraft:stripped_spruce_wood":1,"minecraft:oak_log":7,"minecraft:gunpowder":26,"immersive_aircraft:gyrodyne":7,"minecraft:dirt":54,"antlers:tomahawkitem":74,"minecraft:lantern":3,"minecraft:name_tag":3,"minecraft:cooked_mutton":2,"minecraft:bone":19,"minecraft:apple":2,"minecraft:wheat_seeds":160,"minecraft:iron_ingot":62,"minecraft:iron_sword":17,"minecraft:oak_planks":19,"minecraft:book":21,"minecraft:scaffolding":2,"minecraft:chiseled_stone_bricks":4,"minecraft:red_wool":1,"iceandfire:ash":2,"minecraft:gravel":74,"minecraft:white_bed":1,"sophisticatedbackpacks:iron_backpack":4,"minecraft:mud_brick_wall":1,"minecraft:spruce_log":6,"minecraft:spider_eye":6,"farmersdelight:ham":3,"minecraft:spruce_door":1,"minecraft:diamond":18,"minecraft:mangrove_wood":4,"waystones:waystone":1,"minecraft:iron_helmet":21,"minecraft:stripped_jungle_wood":2,"minecraft:golden_apple":1,"minecraft:emerald":9,"minecraft:golden_horse_armor":6,"minecraft:bread":67,"minecraft:rooted_dirt":26,"alexsmobs:maggot":7,"minecraft:acacia_slab":1,"minecraft:oak_sapling":2,"minecraft:brown_banner":3,"minecraft:netherrack":4},"minecraft:custom":{"minecraft:mob_kills":34,"minecraft:interact_with_crafting_table":8,"minecraft:open_barrel":32,"minecraft:damage_dealt_resisted":46,"minecraft:leave_game":8,"minecraft:time_since_death":8,"minecraft:climb_one_cm":10953,"minecraft:sprint_one_cm":448089,"minecraft:walk_one_cm":280222,"minecraft:drop":127,"minecraft:talked_to_villager":4,"minecraft:play_time":144515,"minecraft:deaths":33,"minecraft:sneak_time":6277,"minecraft:walk_under_water_one_cm":8549,"minecraft:jump":4353,"minecraft:walk_on_water_one_cm":26288,"minecraft:total_world_time":144515,"minecraft:interact_with_furnace":2,"minecraft:tune_noteblock":4,"minecraft:sleep_in_bed":6,"minecraft:time_since_rest":61,"minecraft:waystone_activated":1,"minecraft:damage_taken":11878,"minecraft:damage_dealt":4025,"minecraft:player_kills":1,"minecraft:swim_one_cm":38453,"minecraft:fly_one_cm":811276,"minecraft:open_chest":25,"minecraft:crouch_one_cm":14025,"minecraft:fall_one_cm":126567},"minecraft:killed":{"minecraft:spider":3,"minecraft:skeleton":3,"minecraft:zombie_villager":1,"creeperoverhaul:spruce_creeper":1,"crimson_steves_mobs:derpig":2,"minecraft:creeper":1,"crimson_steves_mobs:zombie_vindicator":2,"crimson_steves_mobs:zombie_pig":2,"minecraft:zombie":7,"crimson_steves_mobs:zombie_pillager":1,"enemyexpansion:botfly":3,"enemyexpansion:wasp":1,"minecraft:cow":3},"minecraft:dropped":{"sophisticatedbackpacks:iron_backpack":2,"minecraft:bread":5,"minecraft:iron_ingot":12,"minecraft:iron_sword":3,"minecraft:brown_mushroom":3,"minecraft:stripped_mangrove_wood":1,"minecraft:wheat_seeds":11,"minecraft:diamond":1,"minecraft:golden_horse_armor":1,"minecraft:iron_helmet":5,"antlers:tomahawkitem":6,"minecraft:red_wool":1,"minecraft:iron_horse_armor":1,"minecraft:rail":1,"minecraft:golden_apple":1,"bossominium:the_bossdexium":1,"minecraft:red_mushroom":5,"minecraft:flint":4,"minecraft:dirt":7,"minecraft:mangrove_wood":2,"minecraft:mutton":1,"minecraft:iron_leggings":6,"minecraft:iron_axe":1,"minecraft:iron_shovel":1,"minecraft:string":3,"minecraft:bone":3,"minecraft:blackstone":4,"alexsmobs:maggot":4,"minecraft:mangrove_roots":1,"minecraft:coarse_dirt":4,"alexsmobs:animal_dictionary":1,"minecraft:rotten_flesh":8,"minecraft:iron_boots":3,"minecraft:potato":1,"iceandfire:chain":2,"minecraft:mud_bricks":2,"minecraft:ladder":2,"minecraft:iron_chestplate":5,"man:redcandle":1,"minecraft:oak_sapling":1,"minecraft:leather_leggings":2,"minecraft:spider_eye":1,"minecraft:spruce_slab":1,"minecraft:arrow":5,"minecraft:stripped_spruce_wood":1},"minecraft:mined":{"minecraft:dark_oak_planks":4,"minecraft:spruce_planks":1,"minecraft:white_bed":1,"minecraft:deepslate_diamond_ore":1,"minecraft:candle":1,"minecraft:mangrove_roots":1,"minecraft:ladder":1,"minecraft:brown_mushroom_block":3,"minecraft:red_mushroom":1,"minecraft:hay_block":1,"minecraft:fire":4,"minecraft:bookshelf":1,"minecraft:vine":1,"regions_unexplored:medium_grass":12,"regions_unexplored:redwood_log":4,"regions_unexplored:windswept_grass":4,"minecraft:orange_bed":1,"minecraft:podzol":1,"minecraft:acacia_leaves":1,"minecraft:brown_mushroom":2,"minecraft:red_bed":6,"minecraft:crafting_table":1,"man:redcandle":1,"minecraft:white_stained_glass_pane":1,"minecraft:mushroom_stem":5,"minecraft:tall_grass":3,"minecraft:oak_planks":2,"antlers:sheep_corpse":1,"minecraft:stripped_spruce_wood":1,"regions_unexplored:sandy_tall_grass":1,"iceandfire:ash":1,"regions_unexplored:sandy_grass":8,"antlers:bloody_pig":1,"minecraft:grass":20,"minecraft:oak_log":6,"minecraft:red_mushroom_block":3,"minecraft:oak_leaves":6},"minecraft:crafted":{"minecraft:oak_planks":24,"minecraft:wheat":9,"minecraft:crafting_table":2,"minecraft:spruce_planks":16,"minecraft:bread":3,"minecraft:jungle_planks":8,"regions_unexplored:redwood_planks":16,"minecraft:iron_chestplate":1,"minecraft:iron_ingot":9},"minecraft:killed_by":{"minecraft:husk":1,"mutantmonsters:mutant_zombie":2,"minecraft:player":1,"minecraft:creeper":2,"enemyexpansion:equestrian":1,"minecraft:drowned":1,"mutantmonsters:mutant_creeper":1,"crimson_steves_mobs:pavager":1,"man:managgresive":1,"crimson_steves_mobs:zombie_vindicator":1,"minecraft:skeleton":5,"minecraft:zombie":6,"antlers:wendigo":2,"crimson_steves_mobs:zombiefied_chad_villager":1,"crimson_steves_mobs:creepig":1,"iceandfire:fire_dragon":4}},"DataVersion":3465}