{"stats":{"minecraft:used":{"biomesoplenty:mahogany_planks":35,"minecraft:diorite":1,"minecraft:acacia_log":1,"minecraft:stone_pickaxe":63,"minecraft:polished_blackstone":1,"minecraft:oak_planks":3,"minecraft:spruce_planks":2,"minecraft:wooden_pickaxe":47,"man:redcandle":1,"minecraft:rotten_flesh":2,"minecraft:white_wool":6,"minecraft:dirt":27,"minecraft:mutton":11,"minecraft:crafting_table":11,"minecraft:carrot":10,"minecraft:acacia_sapling":3,"minecraft:jungle_sapling":1,"minecraft:polished_blackstone_slab":1,"minecraft:wooden_axe":81,"minecraft:apple":5,"minecraft:melon_slice":30,"minecraft:iron_axe":12,"minecraft:stone_axe":47,"minecraft:cobblestone":3,"minecraft:beef":1,"minecraft:porkchop":1,"minecraft:furnace":1,"minecraft:egg":1,"minecraft:acacia_planks":3},"minecraft:picked_up":{"minecraft:crafting_table":4,"minecraft:iron_chestplate":1,"minecraft:chicken":3,"minecraft:leather":2,"alexsmobs:acacia_blossom":2,"minecraft:potato":1,"minecraft:oak_log":23,"iceandfire:ectoplasm":1,"minecraft:dirt":29,"minecraft:lantern":1,"antlers:tomahawkitem":11,"minecraft:iron_axe":1,"minecraft:iron_leggings":1,"minecraft:cooked_mutton":3,"minecraft:white_carpet":7,"minecraft:acacia_planks":45,"minecraft:wheat_seeds":32,"minecraft:jungle_sapling":1,"minecraft:stone_pickaxe":1,"minecraft:beef":3,"minecraft:iron_ingot":5,"minecraft:light_gray_wool":1,"minecraft:iron_pickaxe":1,"minecraft:melon_slice":97,"minecraft:iron_sword":1,"minecraft:oak_planks":1,"minecraft:acacia_sapling":3,"minecraft:egg":1,"minecraft:iron_boots":1,"minecraft:furnace":1,"minecraft:stick":13,"minecraft:raw_iron":4,"minecraft:torch":3,"minecraft:acacia_log":68,"minecraft:polished_blackstone_slab":1,"minecraft:porkchop":8,"minecraft:sand":9,"farmersdelight:tomato_seeds":2,"minecraft:spruce_log":2,"minecraft:diorite":1,"minecraft:carrot":3,"minecraft:spider_eye":1,"biomesoplenty:mahogany_log":19,"minecraft:arrow":13,"man:redcandle":1,"minecraft:rotten_flesh":23,"minecraft:stone_axe":1,"minecraft:iron_helmet":1,"minecraft:black_wool":1,"alexsmobs:maggot":2,"minecraft:polished_blackstone":1,"minecraft:oak_sapling":1,"minecraft:acacia_slab":1,"minecraft:stripped_birch_wood":2,"minecraft:mutton":13,"minecraft:coal":18,"iceandfire:raw_silver":1,"minecraft:white_wool":10,"minecraft:cobblestone":74},"minecraft:custom":{"minecraft:interact_with_furnace":2,"minecraft:mob_kills":19,"minecraft:interact_with_crafting_table":16,"minecraft:damage_dealt_resisted":3,"minecraft:leave_game":2,"minecraft:time_since_death":0,"minecraft:climb_one_cm":3815,"minecraft:time_since_rest":537,"minecraft:sprint_one_cm":239907,"minecraft:damage_taken":10288,"minecraft:walk_one_cm":248802,"minecraft:drop":10,"minecraft:damage_dealt":3865,"minecraft:swim_one_cm":49338,"minecraft:fly_one_cm":1022272,"minecraft:open_chest":3,"minecraft:crouch_one_cm":15582,"minecraft:play_time":111887,"minecraft:deaths":35,"minecraft:sneak_time":4955,"minecraft:walk_under_water_one_cm":13010,"minecraft:jump":2212,"minecraft:walk_on_water_one_cm":28948,"minecraft:total_world_time":111887,"minecraft:fall_one_cm":81484},"minecraft:killed":{"minecraft:pig":1,"minecraft:zombie_villager":3,"minecraft:spider":1,"enemyexpansion:direwolf":1,"minecraft:sheep":8,"minecraft:zombie":1,"iceandfire:ghost":1,"minecraft:drowned":1,"minecraft:cow":1},"minecraft:mined":{"minecraft:acacia_leaves":19,"minecraft:glass_pane":2,"iceandfire:silver_ore":1,"minecraft:crafting_table":3,"minecraft:grass_block":10,"minecraft:acacia_log":66,"minecraft:melon":19,"man:redcandle":1,"minecraft:spruce_leaves":1,"minecraft:tall_grass":1,"farmersdelight:wild_tomatoes":2,"minecraft:oak_planks":1,"minecraft:diorite":1,"minecraft:furnace":1,"biomesoplenty:mahogany_log":20,"minecraft:polished_blackstone_slab":1,"minecraft:iron_ore":4,"minecraft:spruce_log":2,"minecraft:grass":52,"biomesoplenty:mahogany_leaves":5,"minecraft:oak_log":23,"minecraft:coal_ore":18,"minecraft:sand":9,"minecraft:dirt":4,"minecraft:stripped_birch_wood":2,"minecraft:fern":6,"minecraft:polished_blackstone":1,"minecraft:stone":63,"minecraft:white_wool":3,"minecraft:oak_leaves":7},"minecraft:dropped":{"farmersdelight:tomato_seeds":2,"alexsmobs:maggot":2,"minecraft:wheat_seeds":4,"alexsmobs:acacia_blossom":1,"minecraft:acacia_log":1},"minecraft:crafted":{"minecraft:oak_planks":92,"minecraft:crafting_table":10,"minecraft:spruce_planks":8,"biomesoplenty:mahogany_planks":76,"minecraft:wooden_pickaxe":4,"minecraft:furnace":2,"minecraft:birch_planks":8,"minecraft:stone_axe":2,"minecraft:air":0,"minecraft:iron_axe":1,"minecraft:stick":36,"minecraft:iron_ingot":4,"minecraft:stone_pickaxe":2,"minecraft:wooden_axe":5,"minecraft:acacia_planks":220},"minecraft:killed_by":{"crimson_steves_mobs:creeckin":1,"crimson_steves_mobs:derpig":2,"enemyexpansion:sprinter":1,"minecraft:zombie_villager":1,"mutantmonsters:mutant_zombie":1,"minecraft:spider":3,"crimson_steves_mobs:creesteve":6,"minecraft:zombie":4,"antlers:wendigo":3,"enemyexpansion:direwolf":2,"enemyexpansion:equestrian":2,"minecraft:pig":1,"minecraft:drowned":2,"enemyexpansion:meature":2,"enemyexpansion:huntsman":2,"minecraft:cow":1}},"DataVersion":3465}