{"stats":{"minecraft:dropped":{"minecraft:spruce_sign":3,"minecraft:porkchop":1,"minecraft:dark_oak_stairs":1,"minecraft:stripped_mangrove_wood":2,"minecraft:chorus_fruit":1,"iceandfire:fire_dragon_flesh":6,"minecraft:jungle_planks":5,"minecraft:saddle":1,"regions_unexplored:blue_bioshroom":1,"minecraft:dirt":2,"minecraft:netherite_scrap":2,"minecraft:stripped_dark_oak_wood":3,"farmersdelight:cooked_mutton_chops":4,"iceandfire:ash":8,"minecraft:dark_oak_planks":2,"minecraft:bone":2,"minecraft:wheat":5,"minecraft:rotten_flesh":4,"iceandfire:chain":2,"biomesoplenty:wildflower":1,"minecraft:leather_leggings":1,"minecraft:arrow":1,"regions_unexplored:tall_green_bioshroom":1,"minecraft:enchanted_book":1,"minecraft:iron_ingot":18,"minecraft:bread":64,"minecraft:magenta_carpet":1,"minecraft:wheat_seeds":19,"cenozoicraft:bovine_skull":2,"minecraft:feather":1,"biomesoplenty:lavender":1,"minecraft:iron_helmet":4,"minecraft:cobblestone":12,"minecraft:apple":1,"minecraft:stick":4,"minecraft:pufferfish":4,"minecraft:rose_bush":1,"regions_unexplored:barley":2,"minecraft:brown_wool":2,"minecraft:map":4,"minecraft:dried_kelp":4,"minecraft:iron_shovel":1,"minecraft:string":2,"minecraft:smooth_sandstone":1,"minecraft:blue_carpet":2,"minecraft:moss_carpet":2,"minecraft:iron_boots":4,"regions_unexplored:hyssop":4,"minecraft:stripped_acacia_wood":3,"minecraft:iron_chestplate":2,"minecraft:oak_sapling":2,"minecraft:spruce_log":1,"iceandfire:fire_dragon_heart":1,"minecraft:black_wool":3},"minecraft:killed":{"minecraft:cave_spider":13,"minecraft:spider":4,"creeperoverhaul:bamboo_creeper":1,"minecraft:skeleton":7,"minecraft:chicken":2,"antlers:wendigo":2,"alexsmobs:kangaroo":3,"minecraft:pig":6,"minecraft:zombie_villager":1,"minecraft:creeper":3,"minecraft:sheep":4,"minecraft:pillager":3,"minecraft:zombie":4,"iceandfire:lightning_dragon":1,"enemyexpansion:wasp":2,"minecraft:cow":16,"minecraft:vex":2,"alexsmobs:raccoon":1,"minecraft:vindicator":4,"enemyexpansion:direwolf":2,"crimson_steves_mobs:zombie_cow":1,"minecraft:drowned":1,"enemyexpansion:goblin":1,"minecraft:husk":8,"iceandfire:cyclops":1,"crimson_steves_mobs:derpig":6,"enemyexpansion:sprinter":1,"crimson_steves_mobs:creesteve":3,"crimson_steves_mobs:creeckin":1,"minecraft:hoglin":2,"crimson_steves_mobs:zombie_vindicator":4,"crimson_steves_mobs:zombie_pig":5,"alexsmobs:cockroach":1,"iceandfire:ghost":1,"alexsmobs:gazelle":3,"minecraft:wither_skeleton":1,"minecraft:enderman":1},"minecraft:broken":{"minecraft:iron_boots":2,"minecraft:iron_chestplate":2,"minecraft:iron_leggings":1,"minecraft:iron_helmet":2},"minecraft:custom":{"minecraft:interact_with_crafting_table":31,"minecraft:open_barrel":50,"minecraft:eat_cake_slice":1,"minecraft:leave_game":7,"minecraft:time_since_death":712,"minecraft:sprint_one_cm":516593,"minecraft:drop":134,"minecraft:talked_to_villager":15,"minecraft:play_time":238158,"minecraft:deaths":72,"minecraft:jump":5452,"minecraft:walk_on_water_one_cm":49877,"minecraft:interact_with_furnace":10,"minecraft:sleep_in_bed":15,"minecraft:waystone_activated":6,"minecraft:damage_dealt":29259,"minecraft:player_kills":1,"minecraft:crouch_one_cm":16984,"minecraft:interact_with_smoker":7,"minecraft:mob_kills":130,"minecraft:interact_with_campfire":24,"minecraft:climb_one_cm":10476,"minecraft:walk_one_cm":485410,"minecraft:sneak_time":9975,"minecraft:walk_under_water_one_cm":21159,"minecraft:total_world_time":238158,"minecraft:time_since_rest":742,"minecraft:damage_absorbed":46,"minecraft:damage_taken":28912,"minecraft:trigger_trapped_chest":2,"minecraft:swim_one_cm":47524,"minecraft:fly_one_cm":1202635,"minecraft:open_chest":128,"minecraft:fall_one_cm":184297},"minecraft:crafted":{"minecraft:oak_planks":56,"minecraft:iron_boots":1,"immersive_aircraft:hull":3,"minecraft:chest":4,"sophisticatedbackpacks:backpack":2,"minecraft:crafting_table":9,"minecraft:spruce_planks":8,"minecraft:wooden_pickaxe":2,"immersive_aircraft:propeller":1,"minecraft:iron_chestplate":2,"minecraft:stick":24,"minecraft:iron_ingot":28,"immersive_aircraft:sail":2,"minecraft:furnace":2,"minecraft:piston":2,"minecraft:white_carpet":12,"minecraft:iron_axe":1,"minecraft:dark_oak_planks":20,"sophisticatedbackpacks:iron_backpack":2,"minecraft:wheat":54,"minecraft:cooked_beef":26,"sophisticatedbackpacks:gold_backpack":1,"minecraft:air":0,"minecraft:bread":18,"minecraft:jungle_planks":72,"regions_unexplored:green_bioshroom_planks":4,"regions_unexplored:redwood_planks":12,"immersive_aircraft:gyrodyne":1,"minecraft:white_wool":12,"minecraft:iron_leggings":1,"minecraft:white_bed":2,"minecraft:acacia_planks":4,"minecraft:torch":28},"minecraft:killed_by":{"minecraft:wither_skeleton":14,"iceandfire:cyclops":7,"minecraft:creeper":3,"crimson_steves_mobs:creesteve":5,"minecraft:drowned":1,"man:managgresive":2,"enemyexpansion:sprinter":1,"minecraft:cave_spider":2,"minecraft:zombie":2,"minecraft:pig":1,"antlers:wendigomad":1,"iceandfire:fire_dragon":13,"minecraft:vex":2,"minecraft:husk":2,"crimson_steves_mobs:zombie_pig":2,"apollyon:the_damned":1,"minecraft:hoglin":1,"minecraft:skeleton":1,"iceandfire:lightning_dragon":2,"alexsmobs:kangaroo":1,"antlers:wendigo":2,"enemyexpansion:direwolf":1,"iceandfire:ghost":1},"minecraft:picked_up":{"minecraft:iron_chestplate":4,"minecraft:wheat":15,"minecraft:flower_pot":2,"minecraft:magenta_carpet":1,"enemyexpansion:wasp_thorax":1,"minecraft:oak_stairs":3,"minecraft:enchanted_book":9,"alexsmobs:gazelle_horn":2,"iceandfire:manuscript":4,"minecraft:string":77,"minecraft:dark_oak_trapdoor":1,"minecraft:iron_leggings":4,"minecraft:pufferfish":3,"minecraft:experience_bottle":1,"minecraft:gold_nugget":148,"minecraft:bucket":2,"minecraft:spruce_planks":9,"minecraft:rose_bush":1,"minecraft:iron_pickaxe":1,"alexsmobs:raccoon_tail":1,"iceandfire:dragonscales_red":42,"regions_unexplored:redwood_log":3,"minecraft:iron_boots":4,"minecraft:furnace":3,"minecraft:stick":12,"iceandfire:ghost_chest":1,"minecraft:torch":8,"minecraft:acacia_log":2,"minecraft:porkchop":41,"iceandfire:rotten_egg":1,"minecraft:goat_horn":3,"regions_unexplored:barley":2,"cenozoicraft:bovine_skull":3,"minecraft:rotten_flesh":36,"minecraft:light_gray_bed":1,"regions_unexplored:green_bioshroom":1,"farmersdelight:onion":19,"iceandfire:fire_dragon_heart":2,"antlers:jerkey":36,"minecraft:iron_bars":2,"minecraft:cobblestone":77,"biomesoplenty:lavender":2,"minecraft:feather":2,"minecraft:cooked_beef":9,"minecraft:jungle_log":2,"minecraft:jungle_wood":16,"minecraft:mud_brick_stairs":3,"minecraft:stripped_spruce_wood":1,"farmersdelight:cooked_bacon":15,"minecraft:map":3,"antlers:tomahawkitem":42,"minecraft:dirt":66,"minecraft:lantern":2,"minecraft:leather_boots":1,"minecraft:bone":27,"minecraft:acacia_planks":1,"farmersdelight:iron_knife":3,"minecraft:wheat_seeds":32,"cenozoicraft:horsetail":4,"minecraft:bamboo":19,"minecraft:oak_planks":6,"minecraft:cooked_porkchop":75,"minecraft:stripped_acacia_wood":3,"iceandfire:dragon_skull_fire":1,"minecraft:jungle_planks":45,"iceandfire:lightning_dragon_heart":1,"minecraft:dark_oak_log":1,"farmersdelight:cooked_mutton_chops":12,"minecraft:dark_prismarine":1,"regions_unexplored:hyssop":4,"alexsmobs:kangaroo_hide":3,"minecraft:mangrove_wood":1,"minecraft:diamond":14,"waystones:waystone":1,"minecraft:crossbow":4,"minecraft:white_concrete":4,"minecraft:spruce_sign":6,"minecraft:bread":435,"minecraft:emerald":2,"minecraft:oak_sapling":4,"minecraft:chorus_fruit":1,"minecraft:dark_oak_fence":3,"iceandfire:raw_silver":5,"sophisticatedbackpacks:gold_backpack":1,"iceandfire:dragon_skull_lightning":9,"iceandfire:witherbone":4,"minecraft:chicken":2,"minecraft:ladder":2,"minecraft:leather_leggings":3,"iceandfire:chain":3,"minecraft:diamond_horse_armor":1,"regions_unexplored:blue_bioshroom":4,"minecraft:red_bed":15,"minecraft:moss_carpet":3,"minecraft:iron_axe":3,"minecraft:netherite_scrap":2,"minecraft:item_frame":6,"minecraft:iron_shovel":2,"minecraft:cracked_stone_bricks":1,"iceandfire:graveyard_soil":3,"iceandfire:bestiary":1,"minecraft:beef":37,"minecraft:player_head":1,"bossominium:vex_wing":16,"biomesoplenty:wildflower":1,"minecraft:raw_iron":4,"iceandfire:dragonscales_gray":19,"iceandfire:dragonbone":165,"minecraft:stripped_mangrove_wood":2,"minecraft:mangrove_sign":1,"minecraft:cookie":2,"minecraft:redstone":5,"regions_unexplored:green_bioshroom_stem":1,"minecraft:carrot":7,"minecraft:blue_carpet":3,"minecraft:dark_oak_planks":27,"minecraft:arrow":14,"minecraft:hay_block":85,"minecraft:stripped_dark_oak_wood":3,"minecraft:totem_of_undying":1,"minecraft:saddle":1,"minecraft:gold_ingot":17,"minecraft:mutton":16,"alexsmobs:kangaroo_meat":5,"minecraft:white_wool":3,"minecraft:air":0,"minecraft:glow_ink_sac":2,"minecraft:leather":32,"minecraft:packed_mud":2,"minecraft:oak_log":19,"minecraft:gunpowder":5,"minecraft:cobblestone_wall":2,"immersive_aircraft:gyrodyne":9,"minecraft:cooked_mutton":4,"minecraft:red_carpet":28,"minecraft:smooth_sandstone":3,"minecraft:apple":55,"alexsmobs:cockroach_wing_fragment":1,"minecraft:spruce_wood":1,"minecraft:iron_ingot":88,"minecraft:cooked_chicken":2,"minecraft:stripped_oak_wood":6,"minecraft:dark_oak_stairs":1,"minecraft:iron_sword":7,"iceandfire:fire_dragon_flesh":8,"minecraft:scaffolding":12,"iceandfire:copper_nugget":22,"minecraft:dark_oak_slab":1,"minecraft:pumpkin":2,"minecraft:chiseled_stone_bricks":1,"iceandfire:ash":16,"minecraft:blast_furnace":1,"minecraft:white_bed":6,"minecraft:spruce_log":3,"iceandfire:dragonscales_copper":42,"minecraft:iron_helmet":6,"regions_unexplored:tall_green_bioshroom":2,"minecraft:stripped_jungle_wood":2,"minecraft:coal":38},"minecraft:used":{"minecraft:moss_carpet":1,"minecraft:chest":2,"minecraft:iron_sword":642,"minecraft:player_head":1,"minecraft:rotten_flesh":10,"minecraft:iron_chestplate":2,"minecraft:mutton":5,"minecraft:jungle_planks":47,"minecraft:carrot":9,"minecraft:allium":1,"minecraft:packed_mud":2,"minecraft:iron_helmet":4,"minecraft:dark_oak_slab":1,"minecraft:item_frame":4,"regions_unexplored:blue_bioshroom":1,"minecraft:red_carpet":6,"minecraft:scaffolding":11,"minecraft:furnace":3,"minecraft:leather_leggings":2,"minecraft:oak_planks":1,"minecraft:wooden_pickaxe":27,"minecraft:cookie":2,"minecraft:crossbow":8,"antlers:jerkey":4,"waystones:waystone":1,"sophisticatedbackpacks:backpack":2,"minecraft:bread":61,"farmersdelight:ham":1,"minecraft:diamond_sword":54,"minecraft:dark_oak_fence":3,"immersive_aircraft:gyrodyne":9,"minecraft:experience_bottle":2,"minecraft:iron_bars":2,"minecraft:acacia_log":1,"minecraft:spruce_planks":8,"regions_unexplored:green_bioshroom_planks":4,"minecraft:cooked_chicken":2,"minecraft:torch":34,"minecraft:dirt":19,"minecraft:cobblestone_wall":1,"minecraft:mud_brick_stairs":3,"minecraft:dark_oak_planks":10,"cenozoicraft:horsetail":2,"minecraft:iron_axe":79,"minecraft:jungle_log":2,"minecraft:iron_boots":3,"minecraft:totem_of_undying":1,"minecraft:bamboo":6,"minecraft:beef":2,"minecraft:goat_horn":1,"farmersdelight:cooked_mutton_chops":2,"minecraft:cooked_beef":5,"minecraft:pumpkin":1,"minecraft:iron_leggings":5,"farmersdelight:iron_knife":1,"minecraft:water_bucket":7,"cenozoicraft:bovine_skull":1,"regions_unexplored:green_bioshroom":1,"iceandfire:dragon_skull_lightning":1,"minecraft:leather_boots":1,"minecraft:cracked_stone_bricks":1,"minecraft:crafting_table":9,"minecraft:red_bed":14,"minecraft:white_bed":7,"minecraft:mangrove_sign":1,"minecraft:spruce_log":1,"minecraft:flower_pot":1,"minecraft:chicken":2,"minecraft:iron_pickaxe":141,"alexsmobs:kangaroo_meat":1,"iceandfire:ash":7,"minecraft:blue_carpet":1,"minecraft:chiseled_stone_bricks":1,"minecraft:cobblestone":19,"minecraft:cooked_porkchop":18,"minecraft:porkchop":11,"minecraft:bucket":8,"minecraft:diamond_leggings":1},"minecraft:mined":{"minecraft:dark_oak_planks":12,"minecraft:spruce_planks":9,"minecraft:white_bed":6,"iceandfire:copper_pile":3,"minecraft:jungle_leaves":29,"minecraft:acacia_log":2,"minecraft:grass_block":10,"minecraft:jungle_log":2,"minecraft:light_gray_bed":1,"minecraft:mud_brick_wall":2,"regions_unexplored:blue_bioshroom":2,"minecraft:spawner":2,"minecraft:chiseled_stone_bricks":1,"minecraft:iron_ore":4,"minecraft:fire":9,"biomesoplenty:lavender":4,"minecraft:pumpkin":2,"minecraft:dirt_path":2,"minecraft:iron_bars":4,"minecraft:player_head":1,"minecraft:red_bed":13,"biomesoplenty:wildflower":1,"minecraft:torch":3,"minecraft:blast_furnace":1,"minecraft:mud_brick_stairs":5,"iceandfire:ghost_chest":1,"minecraft:white_stained_glass_pane":1,"minecraft:cobblestone":26,"minecraft:oak_planks":6,"minecraft:wall_torch":1,"regions_unexplored:hyssop":1,"minecraft:jungle_wood":14,"minecraft:wheat":1,"minecraft:stripped_oak_wood":8,"minecraft:grass":108,"minecraft:oak_log":20,"minecraft:dirt":25,"antlers:bloody_cow":1,"minecraft:oak_leaves":21,"cenozoicraft:horsetail":3,"regions_unexplored:green_bioshroom":1,"minecraft:red_carpet":1,"iceandfire:silver_ore":5,"regions_unexplored:barley":2,"farmersdelight:wild_carrots":5,"minecraft:dark_oak_log":1,"biomesoplenty:desert_grass":1,"antlers:bloody_fox":2,"regions_unexplored:tall_green_bioshroom":1,"minecraft:jungle_planks":3,"minecraft:stripped_jungle_wood":2,"minecraft:large_fern":2,"minecraft:hay_block":26,"minecraft:black_stained_glass_pane":1,"cenozoicraft:bovine_skull":2,"minecraft:furnace":3,"minecraft:orange_stained_glass_pane":3,"minecraft:vine":2,"minecraft:stone":55,"regions_unexplored:medium_grass":11,"minecraft:bamboo":5,"minecraft:bone_block":6,"minecraft:white_wool":1,"minecraft:acacia_leaves":8,"minecraft:scaffolding":1,"minecraft:glass_pane":1,"regions_unexplored:pink_bioshroom":2,"minecraft:tall_grass":27,"antlers:sheep_corpse":1,"iceandfire:ash":5,"minecraft:coal_ore":8,"regions_unexplored:green_bioshroom_stem":1,"minecraft:cobweb":62,"minecraft:cracked_stone_bricks":1,"minecraft:fern":10}},"DataVersion":3465}