{"stats":{"minecraft:dropped":{"minecraft:acacia_wood":3,"minecraft:wheat_seeds":3,"minecraft:golden_chestplate":1,"minecraft:gold_nugget":6,"iceandfire:manuscript":1},"minecraft:killed":{"minecraft:wither_skeleton":4,"enemyexpansion:direwolf":1},"minecraft:custom":{"minecraft:time_since_rest":2934,"minecraft:sprint_one_cm":31889,"minecraft:walk_one_cm":21203,"minecraft:damage_taken":1807,"minecraft:mob_kills":6,"minecraft:drop":14,"minecraft:damage_dealt":972,"minecraft:interact_with_crafting_table":1,"minecraft:fly_one_cm":30452,"minecraft:open_chest":3,"minecraft:crouch_one_cm":5097,"minecraft:play_time":11523,"minecraft:deaths":4,"minecraft:sneak_time":1986,"minecraft:walk_under_water_one_cm":826,"minecraft:jump":186,"minecraft:leave_game":2,"minecraft:walk_on_water_one_cm":1386,"minecraft:time_since_death":2903,"minecraft:total_world_time":11523,"minecraft:fall_one_cm":9760},"minecraft:crafted":{"minecraft:crafting_table":1,"minecraft:iron_pickaxe":1},"minecraft:killed_by":{"minecraft:wither_skeleton":3,"minecraft:creeper":1},"minecraft:picked_up":{"iceandfire:witherbone":1,"minecraft:leather_leggings":1,"minecraft:leather":2,"minecraft:acacia_wood":5,"minecraft:porkchop":5,"minecraft:golden_chestplate":1,"minecraft:polished_andesite":2,"minecraft:arrow":2,"minecraft:bone":4,"minecraft:hay_block":11,"minecraft:cyan_terracotta":10,"minecraft:coal":1},"minecraft:used":{"minecraft:bread":9,"minecraft:iron_pickaxe":12,"minecraft:iron_sword":30,"minecraft:crafting_table":1,"minecraft:acacia_wood":2,"minecraft:stripped_spruce_log":2},"minecraft:mined":{"minecraft:hay_block":11,"minecraft:cyan_terracotta":10,"minecraft:acacia_wood":5,"minecraft:grass":1,"minecraft:polished_andesite":2}},"DataVersion":3465}